<?xml version="1.0"?>


<Company_HR_dataset>

<Employee1>

<emp_key>1</emp_key>


<Employee_name>Brown Mia</Employee_name>

<EmpID>1103024456</EmpID>

<Position>Accountant I</Position>
<state>MA</state>

<Zip>1450</Zip>

<DOB>11/24/87</DOB>
<SEX>F</SEX>

<MaritalDesc>Married</MaritalDesc>

<CitizenDesc>US Citizen</CitizenDesc>

<EmploymentStatus>Active</EmploymentStatus>

<RecruitmentSource>Diversity Job Fair</RecruitmentSource>

</Employee1>

<Employee2>

<emp_key>2</emp_key>


<Employee_name>LaRotonda William </Employee_name>

<EmpID>1106026572</EmpID>

<Position>Accountant I</Position>

<state>MA</state>

<Zip>1460</Zip>

<DOB>04/26/84</DOB>
<SEX>M</SEX>

<MaritalDesc>Divorced</MaritalDesc>

<CitizenDesc>US Citizen</CitizenDesc>

<EmploymentStatus>Active</EmploymentStatus>

<RecruitmentSource>Website Banner Ads</RecruitmentSource>

</Employee2>


<Employee3>

<emp_key>3</emp_key>


<Employee_name>Steans Tyrone   </Employee_name>

<EmpID>1302053333</EmpID>

<Position>Accountant I</Position>

<state>MA</state>

<Zip>2703</Zip>

<DOB>09/01/1986</DOB>
<SEX>M</SEX>

<MaritalDesc>Single</MaritalDesc>

<CitizenDesc>US Citizen</CitizenDesc>
</Employee3>

<Employee4>

<emp_key>4</emp_key>


<Employee_name>Smith Leigh Ann</Employee_name>

<EmpID>1211050782</EmpID>

<Position>Administrative Assistant</Position>
<state>MA</state>


<Zip>1844</Zip>

<DOB>06/14/87</DOB>
<SEX>F</SEX>

<MaritalDesc>Married</MaritalDesc>

<CitizenDesc>US Citizen</CitizenDesc>

<EmploymentStatus>Voluntarily Terminated</EmploymentStatus>

<RecruitmentSource>Diversity Job Fair</RecruitmentSource>

</Employee4>
<Department1>

<dept_key>1</dept_key>

<DeptID>1</DeptID>

<Department>Admin Offices</Department>

<Managername>Brandon R. LeBlanc</Managername>

</Department1>

<Department2>

<dept_key>2</dept_key>


<DeptID>6</DeptID>

<Department>Sales</Department>

<Managername>John Smith</Managername>

</Department2>

<Department3>

<dept_key>3</dept_key>


<DeptID>3</DeptID>

<Department>IT/IS</Department>

<Managername>Brian Champaigne</Managername>

</Department3>
<Department4>

<dept_key>4</dept_key>

<DeptID>1</DeptID>

<Department>Admin Offices</Department>

<Managername>Brandon R. LeBlanc</Managername>
</Department4>

<Date1>

<date_key>1</date_key>

<Date_of_joining>10/27/2008</Date_of_joining>
<Month>october</Month>
<Year>2008</Year>
<Week_of_the_Year>44</Week_of_the_Year>
</Date1>
<Date2>
<date_key>2</date_key>


<Date_of_joining>01/06/2014</Date_of_joining>
<Month>september</Month>
<Year>2014</Year>
<Week_of_the_Year>40</Week_of_the_Year>

</Date2>

<Date3>
<date_key>3</date_key>


<Date_of_joining>9/29/2014</Date_of_joining>
<Month>febraury</Month>
<Year>2015</Year>
<Week_of_the_Year>8</Week_of_the_Year>
</Date3>

<Date4>

<date_key>4</date_key>

<Date_of_joining>26/09/2011</Date_of_joining>
<Month>september</Month>
<Year>2011</Year>
<Week_of_the_Year>40</Week_of_the_Year>
</Date4>

<Fact1>
<emp_key>1</emp_key>
<date_key>1</date_key>
<dept_key>1</dept_key>

<Payrate>28.5</Payrate>
<engagement_survey>2.04</engagement_survey>
<performance_score>Fully Meets</performance_score>
<perf_scoreID>3</perf_scoreID>
</Fact1>

<Fact2>
<emp_key>2</emp_key>
<date_key>2</date_key>
<dept_key>2</dept_key>
<Payrate>29</Payrate>
<engagement_survey>3.9</engagement_survey>
<performance_score>Fully Meets</performance_score>
<perf_scoreID>3</perf_scoreID>
</Fact2>

<Fact3>
<emp_key>3</emp_key>
<date_key>3</date_key>
<dept_key>3</dept_key>
<Payrate>21.5</Payrate>
<engagement_survey>3.24</engagement_survey>
<performance_score>Fully Meets</performance_score>
<perf_scoreID>3</perf_scoreID>
</Fact3>

<Fact4>
<emp_key>3</emp_key>
<date_key>3</date_key>
<dept_key>3</dept_key>
<Payrate>20.5</Payrate>
<engagement_survey>3.8</engagement_survey>
<performance_score>Fully Meets</performance_score>
<perf_scoreID>3</perf_scoreID>
</Fact4>


</Employee_details>
